cell,type
type_-1_gen_4_1,Type1
type_-1_gen_4_2,Type1
type_-1_gen_4_3,Type1
type_-1_gen_4_4,Type1
type_-1_gen_4_5,Type1
type_-1_gen_4_6,Type1
type_-1_gen_4_7,Type1
type_-1_gen_4_8,Type1
type_-1_gen_4_9,Type1
type_-1_gen_4_10,Type1
type_-1_gen_4_11,Type1
type_-1_gen_4_12,Type1
type_-1_gen_4_13,Type1
type_-1_gen_4_14,Type1
type_-1_gen_4_15,Type1
type_-1_gen_4_16,Type1
type_-1_gen_4_17,Type1
type_-1_gen_4_18,Type1
type_-1_gen_4_19,Type1
type_-1_gen_4_20,Type1
type_-1_gen_4_21,Type1
type_-1_gen_4_22,Type1
type_-1_gen_4_23,Type1
type_-1_gen_4_24,Type1
type_-1_gen_4_25,Type1
type_-1_gen_4_26,Type1
type_-1_gen_4_27,Type1
type_-1_gen_4_28,Type1
type_-1_gen_4_29,Type1
type_-1_gen_4_30,Type1
type_-1_gen_4_31,Type1
type_-1_gen_4_32,Type1
type_-1_gen_4_33,Type1
type_-1_gen_4_34,Type1
type_-1_gen_4_35,Type1
type_-1_gen_4_36,Type1
type_-1_gen_4_37,Type1
type_-1_gen_4_38,Type1
type_-1_gen_4_39,Type1
type_-1_gen_4_40,Type1
type_-1_gen_4_41,Type1
type_-1_gen_4_42,Type1
type_-1_gen_4_43,Type1
type_-1_gen_4_44,Type1
type_-1_gen_4_45,Type1
type_-1_gen_4_46,Type1
type_-1_gen_4_47,Type1
type_-1_gen_4_48,Type1
type_-1_gen_4_49,Type1
type_-1_gen_4_50,Type1
type_-1_gen_4_51,Type1
type_-1_gen_4_52,Type1
type_-1_gen_4_53,Type1
type_-1_gen_4_54,Type1
type_-1_gen_4_55,Type1
type_-1_gen_4_56,Type1
type_-1_gen_4_57,Type1
type_-1_gen_4_58,Type1
type_-1_gen_4_59,Type1
type_-1_gen_4_60,Type1
type_-1_gen_4_61,Type1
type_-1_gen_4_62,Type1
type_-1_gen_4_63,Type1
type_-1_gen_4_64,Type1
type_-1_gen_4_65,Type1
type_-1_gen_4_66,Type1
type_-1_gen_4_67,Type1
type_-1_gen_4_68,Type1
type_-1_gen_4_69,Type1
type_-1_gen_4_70,Type1
type_-1_gen_4_71,Type1
type_-1_gen_4_72,Type1
type_-1_gen_4_73,Type1
type_-1_gen_4_74,Type1
type_-1_gen_4_75,Type1
type_-1_gen_4_76,Type1
type_-1_gen_4_77,Type1
type_-1_gen_4_78,Type1
type_-1_gen_4_79,Type1
type_-1_gen_4_80,Type1
type_-1_gen_4_81,Type1
type_-1_gen_4_82,Type1
type_-1_gen_4_83,Type1
type_-1_gen_4_84,Type1
type_-1_gen_4_85,Type1
type_-1_gen_4_86,Type1
type_-1_gen_4_87,Type1
type_-1_gen_4_88,Type1
type_-1_gen_4_89,Type1
type_-1_gen_4_90,Type1
type_-1_gen_4_91,Type1
type_-1_gen_4_92,Type1
type_-1_gen_4_93,Type1
type_-1_gen_4_94,Type1
type_-1_gen_4_95,Type1
type_-1_gen_4_96,Type1
type_-1_gen_4_97,Type1
type_-1_gen_4_98,Type1
type_-1_gen_4_99,Type1
type_-1_gen_4_100,Type1
type_-2_gen_4_1,Type2
type_-2_gen_4_2,Type2
type_-2_gen_4_3,Type2
type_-2_gen_4_4,Type2
type_-2_gen_4_5,Type2
type_-2_gen_4_6,Type2
type_-2_gen_4_7,Type2
type_-2_gen_4_8,Type2
type_-2_gen_4_9,Type2
type_-2_gen_4_10,Type2
type_-2_gen_4_11,Type2
type_-2_gen_4_12,Type2
type_-2_gen_4_13,Type2
type_-2_gen_4_14,Type2
type_-2_gen_4_15,Type2
type_-2_gen_4_16,Type2
type_-2_gen_4_17,Type2
type_-2_gen_4_18,Type2
type_-2_gen_4_19,Type2
type_-2_gen_4_20,Type2
type_-2_gen_4_21,Type2
type_-2_gen_4_22,Type2
type_-2_gen_4_23,Type2
type_-2_gen_4_24,Type2
type_-2_gen_4_25,Type2
type_-2_gen_4_26,Type2
type_-2_gen_4_27,Type2
type_-2_gen_4_28,Type2
type_-2_gen_4_29,Type2
type_-2_gen_4_30,Type2
type_-2_gen_4_31,Type2
type_-2_gen_4_32,Type2
type_-2_gen_4_33,Type2
type_-2_gen_4_34,Type2
type_-2_gen_4_35,Type2
type_-2_gen_4_36,Type2
type_-2_gen_4_37,Type2
type_-2_gen_4_38,Type2
type_-2_gen_4_39,Type2
type_-2_gen_4_40,Type2
type_-2_gen_4_41,Type2
type_-2_gen_4_42,Type2
type_-2_gen_4_43,Type2
type_-2_gen_4_44,Type2
type_-2_gen_4_45,Type2
type_-2_gen_4_46,Type2
type_-2_gen_4_47,Type2
type_-2_gen_4_48,Type2
type_-2_gen_4_49,Type2
type_-2_gen_4_50,Type2
type_-2_gen_4_51,Type2
type_-2_gen_4_52,Type2
type_-2_gen_4_53,Type2
type_-2_gen_4_54,Type2
type_-2_gen_4_55,Type2
type_-2_gen_4_56,Type2
type_-2_gen_4_57,Type2
type_-2_gen_4_58,Type2
type_-2_gen_4_59,Type2
type_-2_gen_4_60,Type2
type_-2_gen_4_61,Type2
type_-2_gen_4_62,Type2
type_-2_gen_4_63,Type2
type_-2_gen_4_64,Type2
type_-2_gen_4_65,Type2
type_-2_gen_4_66,Type2
type_-2_gen_4_67,Type2
type_-2_gen_4_68,Type2
type_-2_gen_4_69,Type2
type_-2_gen_4_70,Type2
type_-2_gen_4_71,Type2
type_-2_gen_4_72,Type2
type_-2_gen_4_73,Type2
type_-2_gen_4_74,Type2
type_-2_gen_4_75,Type2
type_-2_gen_4_76,Type2
type_-2_gen_4_77,Type2
type_-2_gen_4_78,Type2
type_-2_gen_4_79,Type2
type_-2_gen_4_80,Type2
type_-2_gen_4_81,Type2
type_-2_gen_4_82,Type2
type_-2_gen_4_83,Type2
type_-2_gen_4_84,Type2
type_-2_gen_4_85,Type2
type_-2_gen_4_86,Type2
type_-2_gen_4_87,Type2
type_-2_gen_4_88,Type2
type_-2_gen_4_89,Type2
type_-2_gen_4_90,Type2
type_-2_gen_4_91,Type2
type_-2_gen_4_92,Type2
type_-2_gen_4_93,Type2
type_-2_gen_4_94,Type2
type_-2_gen_4_95,Type2
type_-2_gen_4_96,Type2
type_-2_gen_4_97,Type2
type_-2_gen_4_98,Type2
type_-2_gen_4_99,Type2
type_-2_gen_4_100,Type2
type_-3_gen_7_1,Type3
type_-3_gen_7_2,Type3
type_-3_gen_7_3,Type3
type_-3_gen_7_4,Type3
type_-3_gen_7_5,Type3
type_-3_gen_7_6,Type3
type_-3_gen_7_7,Type3
type_-3_gen_7_8,Type3
type_-3_gen_7_9,Type3
type_-3_gen_7_10,Type3
type_-3_gen_7_11,Type3
type_-3_gen_7_12,Type3
type_-3_gen_7_13,Type3
type_-3_gen_7_14,Type3
type_-3_gen_7_15,Type3
type_-3_gen_7_16,Type3
type_-3_gen_7_17,Type3
type_-3_gen_7_18,Type3
type_-3_gen_7_19,Type3
type_-3_gen_7_20,Type3
type_-3_gen_7_21,Type3
type_-3_gen_7_22,Type3
type_-3_gen_7_23,Type3
type_-3_gen_7_24,Type3
type_-3_gen_7_25,Type3
type_-3_gen_7_26,Type3
type_-3_gen_7_27,Type3
type_-3_gen_7_28,Type3
type_-3_gen_7_29,Type3
type_-3_gen_7_30,Type3
type_-3_gen_7_31,Type3
type_-3_gen_7_32,Type3
type_-3_gen_7_33,Type3
type_-3_gen_7_34,Type3
type_-3_gen_7_35,Type3
type_-3_gen_7_36,Type3
type_-3_gen_7_37,Type3
type_-3_gen_7_38,Type3
type_-3_gen_7_39,Type3
type_-3_gen_7_40,Type3
type_-3_gen_7_41,Type3
type_-3_gen_7_42,Type3
type_-3_gen_7_43,Type3
type_-3_gen_7_44,Type3
type_-3_gen_7_45,Type3
type_-3_gen_7_46,Type3
type_-3_gen_7_47,Type3
type_-3_gen_7_48,Type3
type_-3_gen_7_49,Type3
type_-3_gen_7_50,Type3
type_-3_gen_7_51,Type3
type_-3_gen_7_52,Type3
type_-3_gen_7_53,Type3
type_-3_gen_7_54,Type3
type_-3_gen_7_55,Type3
type_-3_gen_7_56,Type3
type_-3_gen_7_57,Type3
type_-3_gen_7_58,Type3
type_-3_gen_7_59,Type3
type_-3_gen_7_60,Type3
type_-3_gen_7_61,Type3
type_-3_gen_7_62,Type3
type_-3_gen_7_63,Type3
type_-3_gen_7_64,Type3
type_-3_gen_7_65,Type3
type_-3_gen_7_66,Type3
type_-3_gen_7_67,Type3
type_-3_gen_7_68,Type3
type_-3_gen_7_69,Type3
type_-3_gen_7_70,Type3
type_-3_gen_7_71,Type3
type_-3_gen_7_72,Type3
type_-3_gen_7_73,Type3
type_-3_gen_7_74,Type3
type_-3_gen_7_75,Type3
type_-3_gen_7_76,Type3
type_-3_gen_7_77,Type3
type_-3_gen_7_78,Type3
type_-3_gen_7_79,Type3
type_-3_gen_7_80,Type3
type_-3_gen_7_81,Type3
type_-3_gen_7_82,Type3
type_-3_gen_7_83,Type3
type_-3_gen_7_84,Type3
type_-3_gen_7_85,Type3
type_-3_gen_7_86,Type3
type_-3_gen_7_87,Type3
type_-3_gen_7_88,Type3
type_-3_gen_7_89,Type3
type_-3_gen_7_90,Type3
type_-3_gen_7_91,Type3
type_-3_gen_7_92,Type3
type_-3_gen_7_93,Type3
type_-3_gen_7_94,Type3
type_-3_gen_7_95,Type3
type_-3_gen_7_96,Type3
type_-3_gen_7_97,Type3
type_-3_gen_7_98,Type3
type_-3_gen_7_99,Type3
type_-3_gen_7_100,Type3
type_-4_gen_2_1,Type4
type_-4_gen_2_2,Type4
type_-4_gen_2_3,Type4
type_-4_gen_2_4,Type4
type_-4_gen_2_5,Type4
type_-4_gen_2_6,Type4
type_-4_gen_2_7,Type4
type_-4_gen_2_8,Type4
type_-4_gen_2_9,Type4
type_-4_gen_2_10,Type4
type_-4_gen_2_11,Type4
type_-4_gen_2_12,Type4
type_-4_gen_2_13,Type4
type_-4_gen_2_14,Type4
type_-4_gen_2_15,Type4
type_-4_gen_2_16,Type4
type_-4_gen_2_17,Type4
type_-4_gen_2_18,Type4
type_-4_gen_2_19,Type4
type_-4_gen_2_20,Type4
type_-4_gen_2_21,Type4
type_-4_gen_2_22,Type4
type_-4_gen_2_23,Type4
type_-4_gen_2_24,Type4
type_-4_gen_2_25,Type4
type_-4_gen_2_26,Type4
type_-4_gen_2_27,Type4
type_-4_gen_2_28,Type4
type_-4_gen_2_29,Type4
type_-4_gen_2_30,Type4
type_-4_gen_2_31,Type4
type_-4_gen_2_32,Type4
type_-4_gen_2_33,Type4
type_-4_gen_2_34,Type4
type_-4_gen_2_35,Type4
type_-4_gen_2_36,Type4
type_-4_gen_2_37,Type4
type_-4_gen_2_38,Type4
type_-4_gen_2_39,Type4
type_-4_gen_2_40,Type4
type_-4_gen_2_41,Type4
type_-4_gen_2_42,Type4
type_-4_gen_2_43,Type4
type_-4_gen_2_44,Type4
type_-4_gen_2_45,Type4
type_-4_gen_2_46,Type4
type_-4_gen_2_47,Type4
type_-4_gen_2_48,Type4
type_-4_gen_2_49,Type4
type_-4_gen_2_50,Type4
type_-4_gen_2_51,Type4
type_-4_gen_2_52,Type4
type_-4_gen_2_53,Type4
type_-4_gen_2_54,Type4
type_-4_gen_2_55,Type4
type_-4_gen_2_56,Type4
type_-4_gen_2_57,Type4
type_-4_gen_2_58,Type4
type_-4_gen_2_59,Type4
type_-4_gen_2_60,Type4
type_-4_gen_2_61,Type4
type_-4_gen_2_62,Type4
type_-4_gen_2_63,Type4
type_-4_gen_2_64,Type4
type_-4_gen_2_65,Type4
type_-4_gen_2_66,Type4
type_-4_gen_2_67,Type4
type_-4_gen_2_68,Type4
type_-4_gen_2_69,Type4
type_-4_gen_2_70,Type4
type_-4_gen_2_71,Type4
type_-4_gen_2_72,Type4
type_-4_gen_2_73,Type4
type_-4_gen_2_74,Type4
type_-4_gen_2_75,Type4
type_-4_gen_2_76,Type4
type_-4_gen_2_77,Type4
type_-4_gen_2_78,Type4
type_-4_gen_2_79,Type4
type_-4_gen_2_80,Type4
type_-4_gen_2_81,Type4
type_-4_gen_2_82,Type4
type_-4_gen_2_83,Type4
type_-4_gen_2_84,Type4
type_-4_gen_2_85,Type4
type_-4_gen_2_86,Type4
type_-4_gen_2_87,Type4
type_-4_gen_2_88,Type4
type_-4_gen_2_89,Type4
type_-4_gen_2_90,Type4
type_-4_gen_2_91,Type4
type_-4_gen_2_92,Type4
type_-4_gen_2_93,Type4
type_-4_gen_2_94,Type4
type_-4_gen_2_95,Type4
type_-4_gen_2_96,Type4
type_-4_gen_2_97,Type4
type_-4_gen_2_98,Type4
type_-4_gen_2_99,Type4
type_-4_gen_2_100,Type4
type_-5_gen_6_1,Type5
type_-5_gen_6_2,Type5
type_-5_gen_6_3,Type5
type_-5_gen_6_4,Type5
type_-5_gen_6_5,Type5
type_-5_gen_6_6,Type5
type_-5_gen_6_7,Type5
type_-5_gen_6_8,Type5
type_-5_gen_6_9,Type5
type_-5_gen_6_10,Type5
type_-5_gen_6_11,Type5
type_-5_gen_6_12,Type5
type_-5_gen_6_13,Type5
type_-5_gen_6_14,Type5
type_-5_gen_6_15,Type5
type_-5_gen_6_16,Type5
type_-5_gen_6_17,Type5
type_-5_gen_6_18,Type5
type_-5_gen_6_19,Type5
type_-5_gen_6_20,Type5
type_-5_gen_6_21,Type5
type_-5_gen_6_22,Type5
type_-5_gen_6_23,Type5
type_-5_gen_6_24,Type5
type_-5_gen_6_25,Type5
type_-5_gen_6_26,Type5
type_-5_gen_6_27,Type5
type_-5_gen_6_28,Type5
type_-5_gen_6_29,Type5
type_-5_gen_6_30,Type5
type_-5_gen_6_31,Type5
type_-5_gen_6_32,Type5
type_-5_gen_6_33,Type5
type_-5_gen_6_34,Type5
type_-5_gen_6_35,Type5
type_-5_gen_6_36,Type5
type_-5_gen_6_37,Type5
type_-5_gen_6_38,Type5
type_-5_gen_6_39,Type5
type_-5_gen_6_40,Type5
type_-5_gen_6_41,Type5
type_-5_gen_6_42,Type5
type_-5_gen_6_43,Type5
type_-5_gen_6_44,Type5
type_-5_gen_6_45,Type5
type_-5_gen_6_46,Type5
type_-5_gen_6_47,Type5
type_-5_gen_6_48,Type5
type_-5_gen_6_49,Type5
type_-5_gen_6_50,Type5
type_-5_gen_6_51,Type5
type_-5_gen_6_52,Type5
type_-5_gen_6_53,Type5
type_-5_gen_6_54,Type5
type_-5_gen_6_55,Type5
type_-5_gen_6_56,Type5
type_-5_gen_6_57,Type5
type_-5_gen_6_58,Type5
type_-5_gen_6_59,Type5
type_-5_gen_6_60,Type5
type_-5_gen_6_61,Type5
type_-5_gen_6_62,Type5
type_-5_gen_6_63,Type5
type_-5_gen_6_64,Type5
type_-5_gen_6_65,Type5
type_-5_gen_6_66,Type5
type_-5_gen_6_67,Type5
type_-5_gen_6_68,Type5
type_-5_gen_6_69,Type5
type_-5_gen_6_70,Type5
type_-5_gen_6_71,Type5
type_-5_gen_6_72,Type5
type_-5_gen_6_73,Type5
type_-5_gen_6_74,Type5
type_-5_gen_6_75,Type5
type_-5_gen_6_76,Type5
type_-5_gen_6_77,Type5
type_-5_gen_6_78,Type5
type_-5_gen_6_79,Type5
type_-5_gen_6_80,Type5
type_-5_gen_6_81,Type5
type_-5_gen_6_82,Type5
type_-5_gen_6_83,Type5
type_-5_gen_6_84,Type5
type_-5_gen_6_85,Type5
type_-5_gen_6_86,Type5
type_-5_gen_6_87,Type5
type_-5_gen_6_88,Type5
type_-5_gen_6_89,Type5
type_-5_gen_6_90,Type5
type_-5_gen_6_91,Type5
type_-5_gen_6_92,Type5
type_-5_gen_6_93,Type5
type_-5_gen_6_94,Type5
type_-5_gen_6_95,Type5
type_-5_gen_6_96,Type5
type_-5_gen_6_97,Type5
type_-5_gen_6_98,Type5
type_-5_gen_6_99,Type5
type_-5_gen_6_100,Type5
type_-6_gen_5_1,Type6
type_-6_gen_5_2,Type6
type_-6_gen_5_3,Type6
type_-6_gen_5_4,Type6
type_-6_gen_5_5,Type6
type_-6_gen_5_6,Type6
type_-6_gen_5_7,Type6
type_-6_gen_5_8,Type6
type_-6_gen_5_9,Type6
type_-6_gen_5_10,Type6
type_-6_gen_5_11,Type6
type_-6_gen_5_12,Type6
type_-6_gen_5_13,Type6
type_-6_gen_5_14,Type6
type_-6_gen_5_15,Type6
type_-6_gen_5_16,Type6
type_-6_gen_5_17,Type6
type_-6_gen_5_18,Type6
type_-6_gen_5_19,Type6
type_-6_gen_5_20,Type6
type_-6_gen_5_21,Type6
type_-6_gen_5_22,Type6
type_-6_gen_5_23,Type6
type_-6_gen_5_24,Type6
type_-6_gen_5_25,Type6
type_-6_gen_5_26,Type6
type_-6_gen_5_27,Type6
type_-6_gen_5_28,Type6
type_-6_gen_5_29,Type6
type_-6_gen_5_30,Type6
type_-6_gen_5_31,Type6
type_-6_gen_5_32,Type6
type_-6_gen_5_33,Type6
type_-6_gen_5_34,Type6
type_-6_gen_5_35,Type6
type_-6_gen_5_36,Type6
type_-6_gen_5_37,Type6
type_-6_gen_5_38,Type6
type_-6_gen_5_39,Type6
type_-6_gen_5_40,Type6
type_-6_gen_5_41,Type6
type_-6_gen_5_42,Type6
type_-6_gen_5_43,Type6
type_-6_gen_5_44,Type6
type_-6_gen_5_45,Type6
type_-6_gen_5_46,Type6
type_-6_gen_5_47,Type6
type_-6_gen_5_48,Type6
type_-6_gen_5_49,Type6
type_-6_gen_5_50,Type6
type_-6_gen_5_51,Type6
type_-6_gen_5_52,Type6
type_-6_gen_5_53,Type6
type_-6_gen_5_54,Type6
type_-6_gen_5_55,Type6
type_-6_gen_5_56,Type6
type_-6_gen_5_57,Type6
type_-6_gen_5_58,Type6
type_-6_gen_5_59,Type6
type_-6_gen_5_60,Type6
type_-6_gen_5_61,Type6
type_-6_gen_5_62,Type6
type_-6_gen_5_63,Type6
type_-6_gen_5_64,Type6
type_-6_gen_5_65,Type6
type_-6_gen_5_66,Type6
type_-6_gen_5_67,Type6
type_-6_gen_5_68,Type6
type_-6_gen_5_69,Type6
type_-6_gen_5_70,Type6
type_-6_gen_5_71,Type6
type_-6_gen_5_72,Type6
type_-6_gen_5_73,Type6
type_-6_gen_5_74,Type6
type_-6_gen_5_75,Type6
type_-6_gen_5_76,Type6
type_-6_gen_5_77,Type6
type_-6_gen_5_78,Type6
type_-6_gen_5_79,Type6
type_-6_gen_5_80,Type6
type_-6_gen_5_81,Type6
type_-6_gen_5_82,Type6
type_-6_gen_5_83,Type6
type_-6_gen_5_84,Type6
type_-6_gen_5_85,Type6
type_-6_gen_5_86,Type6
type_-6_gen_5_87,Type6
type_-6_gen_5_88,Type6
type_-6_gen_5_89,Type6
type_-6_gen_5_90,Type6
type_-6_gen_5_91,Type6
type_-6_gen_5_92,Type6
type_-6_gen_5_93,Type6
type_-6_gen_5_94,Type6
type_-6_gen_5_95,Type6
type_-6_gen_5_96,Type6
type_-6_gen_5_97,Type6
type_-6_gen_5_98,Type6
type_-6_gen_5_99,Type6
type_-6_gen_5_100,Type6
type_-7_gen_7_1,Type7
type_-7_gen_7_2,Type7
type_-7_gen_7_3,Type7
type_-7_gen_7_4,Type7
type_-7_gen_7_5,Type7
type_-7_gen_7_6,Type7
type_-7_gen_7_7,Type7
type_-7_gen_7_8,Type7
type_-7_gen_7_9,Type7
type_-7_gen_7_10,Type7
type_-7_gen_7_11,Type7
type_-7_gen_7_12,Type7
type_-7_gen_7_13,Type7
type_-7_gen_7_14,Type7
type_-7_gen_7_15,Type7
type_-7_gen_7_16,Type7
type_-7_gen_7_17,Type7
type_-7_gen_7_18,Type7
type_-7_gen_7_19,Type7
type_-7_gen_7_20,Type7
type_-7_gen_7_21,Type7
type_-7_gen_7_22,Type7
type_-7_gen_7_23,Type7
type_-7_gen_7_24,Type7
type_-7_gen_7_25,Type7
type_-7_gen_7_26,Type7
type_-7_gen_7_27,Type7
type_-7_gen_7_28,Type7
type_-7_gen_7_29,Type7
type_-7_gen_7_30,Type7
type_-7_gen_7_31,Type7
type_-7_gen_7_32,Type7
type_-7_gen_7_33,Type7
type_-7_gen_7_34,Type7
type_-7_gen_7_35,Type7
type_-7_gen_7_36,Type7
type_-7_gen_7_37,Type7
type_-7_gen_7_38,Type7
type_-7_gen_7_39,Type7
type_-7_gen_7_40,Type7
type_-7_gen_7_41,Type7
type_-7_gen_7_42,Type7
type_-7_gen_7_43,Type7
type_-7_gen_7_44,Type7
type_-7_gen_7_45,Type7
type_-7_gen_7_46,Type7
type_-7_gen_7_47,Type7
type_-7_gen_7_48,Type7
type_-7_gen_7_49,Type7
type_-7_gen_7_50,Type7
type_-7_gen_7_51,Type7
type_-7_gen_7_52,Type7
type_-7_gen_7_53,Type7
type_-7_gen_7_54,Type7
type_-7_gen_7_55,Type7
type_-7_gen_7_56,Type7
type_-7_gen_7_57,Type7
type_-7_gen_7_58,Type7
type_-7_gen_7_59,Type7
type_-7_gen_7_60,Type7
type_-7_gen_7_61,Type7
type_-7_gen_7_62,Type7
type_-7_gen_7_63,Type7
type_-7_gen_7_64,Type7
type_-7_gen_7_65,Type7
type_-7_gen_7_66,Type7
type_-7_gen_7_67,Type7
type_-7_gen_7_68,Type7
type_-7_gen_7_69,Type7
type_-7_gen_7_70,Type7
type_-7_gen_7_71,Type7
type_-7_gen_7_72,Type7
type_-7_gen_7_73,Type7
type_-7_gen_7_74,Type7
type_-7_gen_7_75,Type7
type_-7_gen_7_76,Type7
type_-7_gen_7_77,Type7
type_-7_gen_7_78,Type7
type_-7_gen_7_79,Type7
type_-7_gen_7_80,Type7
type_-7_gen_7_81,Type7
type_-7_gen_7_82,Type7
type_-7_gen_7_83,Type7
type_-7_gen_7_84,Type7
type_-7_gen_7_85,Type7
type_-7_gen_7_86,Type7
type_-7_gen_7_87,Type7
type_-7_gen_7_88,Type7
type_-7_gen_7_89,Type7
type_-7_gen_7_90,Type7
type_-7_gen_7_91,Type7
type_-7_gen_7_92,Type7
type_-7_gen_7_93,Type7
type_-7_gen_7_94,Type7
type_-7_gen_7_95,Type7
type_-7_gen_7_96,Type7
type_-7_gen_7_97,Type7
type_-7_gen_7_98,Type7
type_-7_gen_7_99,Type7
type_-7_gen_7_100,Type7
type_-8_gen_8_1,Type8
type_-8_gen_8_2,Type8
type_-8_gen_8_3,Type8
type_-8_gen_8_4,Type8
type_-8_gen_8_5,Type8
type_-8_gen_8_6,Type8
type_-8_gen_8_7,Type8
type_-8_gen_8_8,Type8
type_-8_gen_8_9,Type8
type_-8_gen_8_10,Type8
type_-8_gen_8_11,Type8
type_-8_gen_8_12,Type8
type_-8_gen_8_13,Type8
type_-8_gen_8_14,Type8
type_-8_gen_8_15,Type8
type_-8_gen_8_16,Type8
type_-8_gen_8_17,Type8
type_-8_gen_8_18,Type8
type_-8_gen_8_19,Type8
type_-8_gen_8_20,Type8
type_-8_gen_8_21,Type8
type_-8_gen_8_22,Type8
type_-8_gen_8_23,Type8
type_-8_gen_8_24,Type8
type_-8_gen_8_25,Type8
type_-8_gen_8_26,Type8
type_-8_gen_8_27,Type8
type_-8_gen_8_28,Type8
type_-8_gen_8_29,Type8
type_-8_gen_8_30,Type8
type_-8_gen_8_31,Type8
type_-8_gen_8_32,Type8
type_-8_gen_8_33,Type8
type_-8_gen_8_34,Type8
type_-8_gen_8_35,Type8
type_-8_gen_8_36,Type8
type_-8_gen_8_37,Type8
type_-8_gen_8_38,Type8
type_-8_gen_8_39,Type8
type_-8_gen_8_40,Type8
type_-8_gen_8_41,Type8
type_-8_gen_8_42,Type8
type_-8_gen_8_43,Type8
type_-8_gen_8_44,Type8
type_-8_gen_8_45,Type8
type_-8_gen_8_46,Type8
type_-8_gen_8_47,Type8
type_-8_gen_8_48,Type8
type_-8_gen_8_49,Type8
type_-8_gen_8_50,Type8
type_-8_gen_8_51,Type8
type_-8_gen_8_52,Type8
type_-8_gen_8_53,Type8
type_-8_gen_8_54,Type8
type_-8_gen_8_55,Type8
type_-8_gen_8_56,Type8
type_-8_gen_8_57,Type8
type_-8_gen_8_58,Type8
type_-8_gen_8_59,Type8
type_-8_gen_8_60,Type8
type_-8_gen_8_61,Type8
type_-8_gen_8_62,Type8
type_-8_gen_8_63,Type8
type_-8_gen_8_64,Type8
type_-8_gen_8_65,Type8
type_-8_gen_8_66,Type8
type_-8_gen_8_67,Type8
type_-8_gen_8_68,Type8
type_-8_gen_8_69,Type8
type_-8_gen_8_70,Type8
type_-8_gen_8_71,Type8
type_-8_gen_8_72,Type8
type_-8_gen_8_73,Type8
type_-8_gen_8_74,Type8
type_-8_gen_8_75,Type8
type_-8_gen_8_76,Type8
type_-8_gen_8_77,Type8
type_-8_gen_8_78,Type8
type_-8_gen_8_79,Type8
type_-8_gen_8_80,Type8
type_-8_gen_8_81,Type8
type_-8_gen_8_82,Type8
type_-8_gen_8_83,Type8
type_-8_gen_8_84,Type8
type_-8_gen_8_85,Type8
type_-8_gen_8_86,Type8
type_-8_gen_8_87,Type8
type_-8_gen_8_88,Type8
type_-8_gen_8_89,Type8
type_-8_gen_8_90,Type8
type_-8_gen_8_91,Type8
type_-8_gen_8_92,Type8
type_-8_gen_8_93,Type8
type_-8_gen_8_94,Type8
type_-8_gen_8_95,Type8
type_-8_gen_8_96,Type8
type_-8_gen_8_97,Type8
type_-8_gen_8_98,Type8
type_-8_gen_8_99,Type8
type_-8_gen_8_100,Type8
type_-9_gen_7_1,Type9
type_-9_gen_7_2,Type9
type_-9_gen_7_3,Type9
type_-9_gen_7_4,Type9
type_-9_gen_7_5,Type9
type_-9_gen_7_6,Type9
type_-9_gen_7_7,Type9
type_-9_gen_7_8,Type9
type_-9_gen_7_9,Type9
type_-9_gen_7_10,Type9
type_-9_gen_7_11,Type9
type_-9_gen_7_12,Type9
type_-9_gen_7_13,Type9
type_-9_gen_7_14,Type9
type_-9_gen_7_15,Type9
type_-9_gen_7_16,Type9
type_-9_gen_7_17,Type9
type_-9_gen_7_18,Type9
type_-9_gen_7_19,Type9
type_-9_gen_7_20,Type9
type_-9_gen_7_21,Type9
type_-9_gen_7_22,Type9
type_-9_gen_7_23,Type9
type_-9_gen_7_24,Type9
type_-9_gen_7_25,Type9
type_-9_gen_7_26,Type9
type_-9_gen_7_27,Type9
type_-9_gen_7_28,Type9
type_-9_gen_7_29,Type9
type_-9_gen_7_30,Type9
type_-9_gen_7_31,Type9
type_-9_gen_7_32,Type9
type_-9_gen_7_33,Type9
type_-9_gen_7_34,Type9
type_-9_gen_7_35,Type9
type_-9_gen_7_36,Type9
type_-9_gen_7_37,Type9
type_-9_gen_7_38,Type9
type_-9_gen_7_39,Type9
type_-9_gen_7_40,Type9
type_-9_gen_7_41,Type9
type_-9_gen_7_42,Type9
type_-9_gen_7_43,Type9
type_-9_gen_7_44,Type9
type_-9_gen_7_45,Type9
type_-9_gen_7_46,Type9
type_-9_gen_7_47,Type9
type_-9_gen_7_48,Type9
type_-9_gen_7_49,Type9
type_-9_gen_7_50,Type9
type_-9_gen_7_51,Type9
type_-9_gen_7_52,Type9
type_-9_gen_7_53,Type9
type_-9_gen_7_54,Type9
type_-9_gen_7_55,Type9
type_-9_gen_7_56,Type9
type_-9_gen_7_57,Type9
type_-9_gen_7_58,Type9
type_-9_gen_7_59,Type9
type_-9_gen_7_60,Type9
type_-9_gen_7_61,Type9
type_-9_gen_7_62,Type9
type_-9_gen_7_63,Type9
type_-9_gen_7_64,Type9
type_-9_gen_7_65,Type9
type_-9_gen_7_66,Type9
type_-9_gen_7_67,Type9
type_-9_gen_7_68,Type9
type_-9_gen_7_69,Type9
type_-9_gen_7_70,Type9
type_-9_gen_7_71,Type9
type_-9_gen_7_72,Type9
type_-9_gen_7_73,Type9
type_-9_gen_7_74,Type9
type_-9_gen_7_75,Type9
type_-9_gen_7_76,Type9
type_-9_gen_7_77,Type9
type_-9_gen_7_78,Type9
type_-9_gen_7_79,Type9
type_-9_gen_7_80,Type9
type_-9_gen_7_81,Type9
type_-9_gen_7_82,Type9
type_-9_gen_7_83,Type9
type_-9_gen_7_84,Type9
type_-9_gen_7_85,Type9
type_-9_gen_7_86,Type9
type_-9_gen_7_87,Type9
type_-9_gen_7_88,Type9
type_-9_gen_7_89,Type9
type_-9_gen_7_90,Type9
type_-9_gen_7_91,Type9
type_-9_gen_7_92,Type9
type_-9_gen_7_93,Type9
type_-9_gen_7_94,Type9
type_-9_gen_7_95,Type9
type_-9_gen_7_96,Type9
type_-9_gen_7_97,Type9
type_-9_gen_7_98,Type9
type_-9_gen_7_99,Type9
type_-9_gen_7_100,Type9
type_-10_gen_8_1,Type10
type_-10_gen_8_2,Type10
type_-10_gen_8_3,Type10
type_-10_gen_8_4,Type10
type_-10_gen_8_5,Type10
type_-10_gen_8_6,Type10
type_-10_gen_8_7,Type10
type_-10_gen_8_8,Type10
type_-10_gen_8_9,Type10
type_-10_gen_8_10,Type10
type_-10_gen_8_11,Type10
type_-10_gen_8_12,Type10
type_-10_gen_8_13,Type10
type_-10_gen_8_14,Type10
type_-10_gen_8_15,Type10
type_-10_gen_8_16,Type10
type_-10_gen_8_17,Type10
type_-10_gen_8_18,Type10
type_-10_gen_8_19,Type10
type_-10_gen_8_20,Type10
type_-10_gen_8_21,Type10
type_-10_gen_8_22,Type10
type_-10_gen_8_23,Type10
type_-10_gen_8_24,Type10
type_-10_gen_8_25,Type10
type_-10_gen_8_26,Type10
type_-10_gen_8_27,Type10
type_-10_gen_8_28,Type10
type_-10_gen_8_29,Type10
type_-10_gen_8_30,Type10
type_-10_gen_8_31,Type10
type_-10_gen_8_32,Type10
type_-10_gen_8_33,Type10
type_-10_gen_8_34,Type10
type_-10_gen_8_35,Type10
type_-10_gen_8_36,Type10
type_-10_gen_8_37,Type10
type_-10_gen_8_38,Type10
type_-10_gen_8_39,Type10
type_-10_gen_8_40,Type10
type_-10_gen_8_41,Type10
type_-10_gen_8_42,Type10
type_-10_gen_8_43,Type10
type_-10_gen_8_44,Type10
type_-10_gen_8_45,Type10
type_-10_gen_8_46,Type10
type_-10_gen_8_47,Type10
type_-10_gen_8_48,Type10
type_-10_gen_8_49,Type10
type_-10_gen_8_50,Type10
type_-10_gen_8_51,Type10
type_-10_gen_8_52,Type10
type_-10_gen_8_53,Type10
type_-10_gen_8_54,Type10
type_-10_gen_8_55,Type10
type_-10_gen_8_56,Type10
type_-10_gen_8_57,Type10
type_-10_gen_8_58,Type10
type_-10_gen_8_59,Type10
type_-10_gen_8_60,Type10
type_-10_gen_8_61,Type10
type_-10_gen_8_62,Type10
type_-10_gen_8_63,Type10
type_-10_gen_8_64,Type10
type_-10_gen_8_65,Type10
type_-10_gen_8_66,Type10
type_-10_gen_8_67,Type10
type_-10_gen_8_68,Type10
type_-10_gen_8_69,Type10
type_-10_gen_8_70,Type10
type_-10_gen_8_71,Type10
type_-10_gen_8_72,Type10
type_-10_gen_8_73,Type10
type_-10_gen_8_74,Type10
type_-10_gen_8_75,Type10
type_-10_gen_8_76,Type10
type_-10_gen_8_77,Type10
type_-10_gen_8_78,Type10
type_-10_gen_8_79,Type10
type_-10_gen_8_80,Type10
type_-10_gen_8_81,Type10
type_-10_gen_8_82,Type10
type_-10_gen_8_83,Type10
type_-10_gen_8_84,Type10
type_-10_gen_8_85,Type10
type_-10_gen_8_86,Type10
type_-10_gen_8_87,Type10
type_-10_gen_8_88,Type10
type_-10_gen_8_89,Type10
type_-10_gen_8_90,Type10
type_-10_gen_8_91,Type10
type_-10_gen_8_92,Type10
type_-10_gen_8_93,Type10
type_-10_gen_8_94,Type10
type_-10_gen_8_95,Type10
type_-10_gen_8_96,Type10
type_-10_gen_8_97,Type10
type_-10_gen_8_98,Type10
type_-10_gen_8_99,Type10
type_-10_gen_8_100,Type10
type_-11_gen_8_1,Type11
type_-11_gen_8_2,Type11
type_-11_gen_8_3,Type11
type_-11_gen_8_4,Type11
type_-11_gen_8_5,Type11
type_-11_gen_8_6,Type11
type_-11_gen_8_7,Type11
type_-11_gen_8_8,Type11
type_-11_gen_8_9,Type11
type_-11_gen_8_10,Type11
type_-11_gen_8_11,Type11
type_-11_gen_8_12,Type11
type_-11_gen_8_13,Type11
type_-11_gen_8_14,Type11
type_-11_gen_8_15,Type11
type_-11_gen_8_16,Type11
type_-11_gen_8_17,Type11
type_-11_gen_8_18,Type11
type_-11_gen_8_19,Type11
type_-11_gen_8_20,Type11
type_-11_gen_8_21,Type11
type_-11_gen_8_22,Type11
type_-11_gen_8_23,Type11
type_-11_gen_8_24,Type11
type_-11_gen_8_25,Type11
type_-11_gen_8_26,Type11
type_-11_gen_8_27,Type11
type_-11_gen_8_28,Type11
type_-11_gen_8_29,Type11
type_-11_gen_8_30,Type11
type_-11_gen_8_31,Type11
type_-11_gen_8_32,Type11
type_-11_gen_8_33,Type11
type_-11_gen_8_34,Type11
type_-11_gen_8_35,Type11
type_-11_gen_8_36,Type11
type_-11_gen_8_37,Type11
type_-11_gen_8_38,Type11
type_-11_gen_8_39,Type11
type_-11_gen_8_40,Type11
type_-11_gen_8_41,Type11
type_-11_gen_8_42,Type11
type_-11_gen_8_43,Type11
type_-11_gen_8_44,Type11
type_-11_gen_8_45,Type11
type_-11_gen_8_46,Type11
type_-11_gen_8_47,Type11
type_-11_gen_8_48,Type11
type_-11_gen_8_49,Type11
type_-11_gen_8_50,Type11
type_-11_gen_8_51,Type11
type_-11_gen_8_52,Type11
type_-11_gen_8_53,Type11
type_-11_gen_8_54,Type11
type_-11_gen_8_55,Type11
type_-11_gen_8_56,Type11
type_-11_gen_8_57,Type11
type_-11_gen_8_58,Type11
type_-11_gen_8_59,Type11
type_-11_gen_8_60,Type11
type_-11_gen_8_61,Type11
type_-11_gen_8_62,Type11
type_-11_gen_8_63,Type11
type_-11_gen_8_64,Type11
type_-11_gen_8_65,Type11
type_-11_gen_8_66,Type11
type_-11_gen_8_67,Type11
type_-11_gen_8_68,Type11
type_-11_gen_8_69,Type11
type_-11_gen_8_70,Type11
type_-11_gen_8_71,Type11
type_-11_gen_8_72,Type11
type_-11_gen_8_73,Type11
type_-11_gen_8_74,Type11
type_-11_gen_8_75,Type11
type_-11_gen_8_76,Type11
type_-11_gen_8_77,Type11
type_-11_gen_8_78,Type11
type_-11_gen_8_79,Type11
type_-11_gen_8_80,Type11
type_-11_gen_8_81,Type11
type_-11_gen_8_82,Type11
type_-11_gen_8_83,Type11
type_-11_gen_8_84,Type11
type_-11_gen_8_85,Type11
type_-11_gen_8_86,Type11
type_-11_gen_8_87,Type11
type_-11_gen_8_88,Type11
type_-11_gen_8_89,Type11
type_-11_gen_8_90,Type11
type_-11_gen_8_91,Type11
type_-11_gen_8_92,Type11
type_-11_gen_8_93,Type11
type_-11_gen_8_94,Type11
type_-11_gen_8_95,Type11
type_-11_gen_8_96,Type11
type_-11_gen_8_97,Type11
type_-11_gen_8_98,Type11
type_-11_gen_8_99,Type11
type_-11_gen_8_100,Type11
type_-12_gen_8_1,Type12
type_-12_gen_8_2,Type12
type_-12_gen_8_3,Type12
type_-12_gen_8_4,Type12
type_-12_gen_8_5,Type12
type_-12_gen_8_6,Type12
type_-12_gen_8_7,Type12
type_-12_gen_8_8,Type12
type_-12_gen_8_9,Type12
type_-12_gen_8_10,Type12
type_-12_gen_8_11,Type12
type_-12_gen_8_12,Type12
type_-12_gen_8_13,Type12
type_-12_gen_8_14,Type12
type_-12_gen_8_15,Type12
type_-12_gen_8_16,Type12
type_-12_gen_8_17,Type12
type_-12_gen_8_18,Type12
type_-12_gen_8_19,Type12
type_-12_gen_8_20,Type12
type_-12_gen_8_21,Type12
type_-12_gen_8_22,Type12
type_-12_gen_8_23,Type12
type_-12_gen_8_24,Type12
type_-12_gen_8_25,Type12
type_-12_gen_8_26,Type12
type_-12_gen_8_27,Type12
type_-12_gen_8_28,Type12
type_-12_gen_8_29,Type12
type_-12_gen_8_30,Type12
type_-12_gen_8_31,Type12
type_-12_gen_8_32,Type12
type_-12_gen_8_33,Type12
type_-12_gen_8_34,Type12
type_-12_gen_8_35,Type12
type_-12_gen_8_36,Type12
type_-12_gen_8_37,Type12
type_-12_gen_8_38,Type12
type_-12_gen_8_39,Type12
type_-12_gen_8_40,Type12
type_-12_gen_8_41,Type12
type_-12_gen_8_42,Type12
type_-12_gen_8_43,Type12
type_-12_gen_8_44,Type12
type_-12_gen_8_45,Type12
type_-12_gen_8_46,Type12
type_-12_gen_8_47,Type12
type_-12_gen_8_48,Type12
type_-12_gen_8_49,Type12
type_-12_gen_8_50,Type12
type_-12_gen_8_51,Type12
type_-12_gen_8_52,Type12
type_-12_gen_8_53,Type12
type_-12_gen_8_54,Type12
type_-12_gen_8_55,Type12
type_-12_gen_8_56,Type12
type_-12_gen_8_57,Type12
type_-12_gen_8_58,Type12
type_-12_gen_8_59,Type12
type_-12_gen_8_60,Type12
type_-12_gen_8_61,Type12
type_-12_gen_8_62,Type12
type_-12_gen_8_63,Type12
type_-12_gen_8_64,Type12
type_-12_gen_8_65,Type12
type_-12_gen_8_66,Type12
type_-12_gen_8_67,Type12
type_-12_gen_8_68,Type12
type_-12_gen_8_69,Type12
type_-12_gen_8_70,Type12
type_-12_gen_8_71,Type12
type_-12_gen_8_72,Type12
type_-12_gen_8_73,Type12
type_-12_gen_8_74,Type12
type_-12_gen_8_75,Type12
type_-12_gen_8_76,Type12
type_-12_gen_8_77,Type12
type_-12_gen_8_78,Type12
type_-12_gen_8_79,Type12
type_-12_gen_8_80,Type12
type_-12_gen_8_81,Type12
type_-12_gen_8_82,Type12
type_-12_gen_8_83,Type12
type_-12_gen_8_84,Type12
type_-12_gen_8_85,Type12
type_-12_gen_8_86,Type12
type_-12_gen_8_87,Type12
type_-12_gen_8_88,Type12
type_-12_gen_8_89,Type12
type_-12_gen_8_90,Type12
type_-12_gen_8_91,Type12
type_-12_gen_8_92,Type12
type_-12_gen_8_93,Type12
type_-12_gen_8_94,Type12
type_-12_gen_8_95,Type12
type_-12_gen_8_96,Type12
type_-12_gen_8_97,Type12
type_-12_gen_8_98,Type12
type_-12_gen_8_99,Type12
type_-12_gen_8_100,Type12
type_-13_gen_2_1,Type13
type_-13_gen_2_2,Type13
type_-13_gen_2_3,Type13
type_-13_gen_2_4,Type13
type_-13_gen_2_5,Type13
type_-13_gen_2_6,Type13
type_-13_gen_2_7,Type13
type_-13_gen_2_8,Type13
type_-13_gen_2_9,Type13
type_-13_gen_2_10,Type13
type_-13_gen_2_11,Type13
type_-13_gen_2_12,Type13
type_-13_gen_2_13,Type13
type_-13_gen_2_14,Type13
type_-13_gen_2_15,Type13
type_-13_gen_2_16,Type13
type_-13_gen_2_17,Type13
type_-13_gen_2_18,Type13
type_-13_gen_2_19,Type13
type_-13_gen_2_20,Type13
type_-13_gen_2_21,Type13
type_-13_gen_2_22,Type13
type_-13_gen_2_23,Type13
type_-13_gen_2_24,Type13
type_-13_gen_2_25,Type13
type_-13_gen_2_26,Type13
type_-13_gen_2_27,Type13
type_-13_gen_2_28,Type13
type_-13_gen_2_29,Type13
type_-13_gen_2_30,Type13
type_-13_gen_2_31,Type13
type_-13_gen_2_32,Type13
type_-13_gen_2_33,Type13
type_-13_gen_2_34,Type13
type_-13_gen_2_35,Type13
type_-13_gen_2_36,Type13
type_-13_gen_2_37,Type13
type_-13_gen_2_38,Type13
type_-13_gen_2_39,Type13
type_-13_gen_2_40,Type13
type_-13_gen_2_41,Type13
type_-13_gen_2_42,Type13
type_-13_gen_2_43,Type13
type_-13_gen_2_44,Type13
type_-13_gen_2_45,Type13
type_-13_gen_2_46,Type13
type_-13_gen_2_47,Type13
type_-13_gen_2_48,Type13
type_-13_gen_2_49,Type13
type_-13_gen_2_50,Type13
type_-13_gen_2_51,Type13
type_-13_gen_2_52,Type13
type_-13_gen_2_53,Type13
type_-13_gen_2_54,Type13
type_-13_gen_2_55,Type13
type_-13_gen_2_56,Type13
type_-13_gen_2_57,Type13
type_-13_gen_2_58,Type13
type_-13_gen_2_59,Type13
type_-13_gen_2_60,Type13
type_-13_gen_2_61,Type13
type_-13_gen_2_62,Type13
type_-13_gen_2_63,Type13
type_-13_gen_2_64,Type13
type_-13_gen_2_65,Type13
type_-13_gen_2_66,Type13
type_-13_gen_2_67,Type13
type_-13_gen_2_68,Type13
type_-13_gen_2_69,Type13
type_-13_gen_2_70,Type13
type_-13_gen_2_71,Type13
type_-13_gen_2_72,Type13
type_-13_gen_2_73,Type13
type_-13_gen_2_74,Type13
type_-13_gen_2_75,Type13
type_-13_gen_2_76,Type13
type_-13_gen_2_77,Type13
type_-13_gen_2_78,Type13
type_-13_gen_2_79,Type13
type_-13_gen_2_80,Type13
type_-13_gen_2_81,Type13
type_-13_gen_2_82,Type13
type_-13_gen_2_83,Type13
type_-13_gen_2_84,Type13
type_-13_gen_2_85,Type13
type_-13_gen_2_86,Type13
type_-13_gen_2_87,Type13
type_-13_gen_2_88,Type13
type_-13_gen_2_89,Type13
type_-13_gen_2_90,Type13
type_-13_gen_2_91,Type13
type_-13_gen_2_92,Type13
type_-13_gen_2_93,Type13
type_-13_gen_2_94,Type13
type_-13_gen_2_95,Type13
type_-13_gen_2_96,Type13
type_-13_gen_2_97,Type13
type_-13_gen_2_98,Type13
type_-13_gen_2_99,Type13
type_-13_gen_2_100,Type13
type_-14_gen_2_1,Type14
type_-14_gen_2_2,Type14
type_-14_gen_2_3,Type14
type_-14_gen_2_4,Type14
type_-14_gen_2_5,Type14
type_-14_gen_2_6,Type14
type_-14_gen_2_7,Type14
type_-14_gen_2_8,Type14
type_-14_gen_2_9,Type14
type_-14_gen_2_10,Type14
type_-14_gen_2_11,Type14
type_-14_gen_2_12,Type14
type_-14_gen_2_13,Type14
type_-14_gen_2_14,Type14
type_-14_gen_2_15,Type14
type_-14_gen_2_16,Type14
type_-14_gen_2_17,Type14
type_-14_gen_2_18,Type14
type_-14_gen_2_19,Type14
type_-14_gen_2_20,Type14
type_-14_gen_2_21,Type14
type_-14_gen_2_22,Type14
type_-14_gen_2_23,Type14
type_-14_gen_2_24,Type14
type_-14_gen_2_25,Type14
type_-14_gen_2_26,Type14
type_-14_gen_2_27,Type14
type_-14_gen_2_28,Type14
type_-14_gen_2_29,Type14
type_-14_gen_2_30,Type14
type_-14_gen_2_31,Type14
type_-14_gen_2_32,Type14
type_-14_gen_2_33,Type14
type_-14_gen_2_34,Type14
type_-14_gen_2_35,Type14
type_-14_gen_2_36,Type14
type_-14_gen_2_37,Type14
type_-14_gen_2_38,Type14
type_-14_gen_2_39,Type14
type_-14_gen_2_40,Type14
type_-14_gen_2_41,Type14
type_-14_gen_2_42,Type14
type_-14_gen_2_43,Type14
type_-14_gen_2_44,Type14
type_-14_gen_2_45,Type14
type_-14_gen_2_46,Type14
type_-14_gen_2_47,Type14
type_-14_gen_2_48,Type14
type_-14_gen_2_49,Type14
type_-14_gen_2_50,Type14
type_-14_gen_2_51,Type14
type_-14_gen_2_52,Type14
type_-14_gen_2_53,Type14
type_-14_gen_2_54,Type14
type_-14_gen_2_55,Type14
type_-14_gen_2_56,Type14
type_-14_gen_2_57,Type14
type_-14_gen_2_58,Type14
type_-14_gen_2_59,Type14
type_-14_gen_2_60,Type14
type_-14_gen_2_61,Type14
type_-14_gen_2_62,Type14
type_-14_gen_2_63,Type14
type_-14_gen_2_64,Type14
type_-14_gen_2_65,Type14
type_-14_gen_2_66,Type14
type_-14_gen_2_67,Type14
type_-14_gen_2_68,Type14
type_-14_gen_2_69,Type14
type_-14_gen_2_70,Type14
type_-14_gen_2_71,Type14
type_-14_gen_2_72,Type14
type_-14_gen_2_73,Type14
type_-14_gen_2_74,Type14
type_-14_gen_2_75,Type14
type_-14_gen_2_76,Type14
type_-14_gen_2_77,Type14
type_-14_gen_2_78,Type14
type_-14_gen_2_79,Type14
type_-14_gen_2_80,Type14
type_-14_gen_2_81,Type14
type_-14_gen_2_82,Type14
type_-14_gen_2_83,Type14
type_-14_gen_2_84,Type14
type_-14_gen_2_85,Type14
type_-14_gen_2_86,Type14
type_-14_gen_2_87,Type14
type_-14_gen_2_88,Type14
type_-14_gen_2_89,Type14
type_-14_gen_2_90,Type14
type_-14_gen_2_91,Type14
type_-14_gen_2_92,Type14
type_-14_gen_2_93,Type14
type_-14_gen_2_94,Type14
type_-14_gen_2_95,Type14
type_-14_gen_2_96,Type14
type_-14_gen_2_97,Type14
type_-14_gen_2_98,Type14
type_-14_gen_2_99,Type14
type_-14_gen_2_100,Type14
type_-15_gen_14_1,Type15
type_-15_gen_14_2,Type15
type_-15_gen_14_3,Type15
type_-15_gen_14_4,Type15
type_-15_gen_14_5,Type15
type_-15_gen_14_6,Type15
type_-15_gen_14_7,Type15
type_-15_gen_14_8,Type15
type_-15_gen_14_9,Type15
type_-15_gen_14_10,Type15
type_-15_gen_14_11,Type15
type_-15_gen_14_12,Type15
type_-15_gen_14_13,Type15
type_-15_gen_14_14,Type15
type_-15_gen_14_15,Type15
type_-15_gen_14_16,Type15
type_-15_gen_14_17,Type15
type_-15_gen_14_18,Type15
type_-15_gen_14_19,Type15
type_-15_gen_14_20,Type15
type_-15_gen_14_21,Type15
type_-15_gen_14_22,Type15
type_-15_gen_14_23,Type15
type_-15_gen_14_24,Type15
type_-15_gen_14_25,Type15
type_-15_gen_14_26,Type15
type_-15_gen_14_27,Type15
type_-15_gen_14_28,Type15
type_-15_gen_14_29,Type15
type_-15_gen_14_30,Type15
type_-15_gen_14_31,Type15
type_-15_gen_14_32,Type15
type_-15_gen_14_33,Type15
type_-15_gen_14_34,Type15
type_-15_gen_14_35,Type15
type_-15_gen_14_36,Type15
type_-15_gen_14_37,Type15
type_-15_gen_14_38,Type15
type_-15_gen_14_39,Type15
type_-15_gen_14_40,Type15
type_-15_gen_14_41,Type15
type_-15_gen_14_42,Type15
type_-15_gen_14_43,Type15
type_-15_gen_14_44,Type15
type_-15_gen_14_45,Type15
type_-15_gen_14_46,Type15
type_-15_gen_14_47,Type15
type_-15_gen_14_48,Type15
type_-15_gen_14_49,Type15
type_-15_gen_14_50,Type15
type_-15_gen_14_51,Type15
type_-15_gen_14_52,Type15
type_-15_gen_14_53,Type15
type_-15_gen_14_54,Type15
type_-15_gen_14_55,Type15
type_-15_gen_14_56,Type15
type_-15_gen_14_57,Type15
type_-15_gen_14_58,Type15
type_-15_gen_14_59,Type15
type_-15_gen_14_60,Type15
type_-15_gen_14_61,Type15
type_-15_gen_14_62,Type15
type_-15_gen_14_63,Type15
type_-15_gen_14_64,Type15
type_-15_gen_14_65,Type15
type_-15_gen_14_66,Type15
type_-15_gen_14_67,Type15
type_-15_gen_14_68,Type15
type_-15_gen_14_69,Type15
type_-15_gen_14_70,Type15
type_-15_gen_14_71,Type15
type_-15_gen_14_72,Type15
type_-15_gen_14_73,Type15
type_-15_gen_14_74,Type15
type_-15_gen_14_75,Type15
type_-15_gen_14_76,Type15
type_-15_gen_14_77,Type15
type_-15_gen_14_78,Type15
type_-15_gen_14_79,Type15
type_-15_gen_14_80,Type15
type_-15_gen_14_81,Type15
type_-15_gen_14_82,Type15
type_-15_gen_14_83,Type15
type_-15_gen_14_84,Type15
type_-15_gen_14_85,Type15
type_-15_gen_14_86,Type15
type_-15_gen_14_87,Type15
type_-15_gen_14_88,Type15
type_-15_gen_14_89,Type15
type_-15_gen_14_90,Type15
type_-15_gen_14_91,Type15
type_-15_gen_14_92,Type15
type_-15_gen_14_93,Type15
type_-15_gen_14_94,Type15
type_-15_gen_14_95,Type15
type_-15_gen_14_96,Type15
type_-15_gen_14_97,Type15
type_-15_gen_14_98,Type15
type_-15_gen_14_99,Type15
type_-15_gen_14_100,Type15
type_-16_gen_3_1,Type16
type_-16_gen_3_2,Type16
type_-16_gen_3_3,Type16
type_-16_gen_3_4,Type16
type_-16_gen_3_5,Type16
type_-16_gen_3_6,Type16
type_-16_gen_3_7,Type16
type_-16_gen_3_8,Type16
type_-16_gen_3_9,Type16
type_-16_gen_3_10,Type16
type_-16_gen_3_11,Type16
type_-16_gen_3_12,Type16
type_-16_gen_3_13,Type16
type_-16_gen_3_14,Type16
type_-16_gen_3_15,Type16
type_-16_gen_3_16,Type16
type_-16_gen_3_17,Type16
type_-16_gen_3_18,Type16
type_-16_gen_3_19,Type16
type_-16_gen_3_20,Type16
type_-16_gen_3_21,Type16
type_-16_gen_3_22,Type16
type_-16_gen_3_23,Type16
type_-16_gen_3_24,Type16
type_-16_gen_3_25,Type16
type_-16_gen_3_26,Type16
type_-16_gen_3_27,Type16
type_-16_gen_3_28,Type16
type_-16_gen_3_29,Type16
type_-16_gen_3_30,Type16
type_-16_gen_3_31,Type16
type_-16_gen_3_32,Type16
type_-16_gen_3_33,Type16
type_-16_gen_3_34,Type16
type_-16_gen_3_35,Type16
type_-16_gen_3_36,Type16
type_-16_gen_3_37,Type16
type_-16_gen_3_38,Type16
type_-16_gen_3_39,Type16
type_-16_gen_3_40,Type16
type_-16_gen_3_41,Type16
type_-16_gen_3_42,Type16
type_-16_gen_3_43,Type16
type_-16_gen_3_44,Type16
type_-16_gen_3_45,Type16
type_-16_gen_3_46,Type16
type_-16_gen_3_47,Type16
type_-16_gen_3_48,Type16
type_-16_gen_3_49,Type16
type_-16_gen_3_50,Type16
type_-16_gen_3_51,Type16
type_-16_gen_3_52,Type16
type_-16_gen_3_53,Type16
type_-16_gen_3_54,Type16
type_-16_gen_3_55,Type16
type_-16_gen_3_56,Type16
type_-16_gen_3_57,Type16
type_-16_gen_3_58,Type16
type_-16_gen_3_59,Type16
type_-16_gen_3_60,Type16
type_-16_gen_3_61,Type16
type_-16_gen_3_62,Type16
type_-16_gen_3_63,Type16
type_-16_gen_3_64,Type16
type_-16_gen_3_65,Type16
type_-16_gen_3_66,Type16
type_-16_gen_3_67,Type16
type_-16_gen_3_68,Type16
type_-16_gen_3_69,Type16
type_-16_gen_3_70,Type16
type_-16_gen_3_71,Type16
type_-16_gen_3_72,Type16
type_-16_gen_3_73,Type16
type_-16_gen_3_74,Type16
type_-16_gen_3_75,Type16
type_-16_gen_3_76,Type16
type_-16_gen_3_77,Type16
type_-16_gen_3_78,Type16
type_-16_gen_3_79,Type16
type_-16_gen_3_80,Type16
type_-16_gen_3_81,Type16
type_-16_gen_3_82,Type16
type_-16_gen_3_83,Type16
type_-16_gen_3_84,Type16
type_-16_gen_3_85,Type16
type_-16_gen_3_86,Type16
type_-16_gen_3_87,Type16
type_-16_gen_3_88,Type16
type_-16_gen_3_89,Type16
type_-16_gen_3_90,Type16
type_-16_gen_3_91,Type16
type_-16_gen_3_92,Type16
type_-16_gen_3_93,Type16
type_-16_gen_3_94,Type16
type_-16_gen_3_95,Type16
type_-16_gen_3_96,Type16
type_-16_gen_3_97,Type16
type_-16_gen_3_98,Type16
type_-16_gen_3_99,Type16
type_-16_gen_3_100,Type16
